judul,abstraksi,bidang minat
Gerak Pekerja Pada Game Real Time Strategy Menggunakan Finite State Machine,"Gerak pekerja ada pada game yang memiliki genre RTS (Real-Time Strategy). Gerak pekerja memiliki berbagai macam gerak. Oleh sebab itu dibutuhkan sebuah pendekatan konsep AI  untuk mendesain perilaku pekerja tersebut. Perilaku karakter tersebut harus ditambahi dengan AI (Artifical intelegent) agar perilakunya menjadi lebih hidup dan realistis.
Dalam penelitian ini AI yang digunakan adalah Finite State Machine. Finite State Machine digunakan untuk menentukan gerak pekerja terhadap parameter-parameter yang digunakan sebagai dasar gerak yang akan dilakukan . Selanjutnya akan disimulasikan pada game RTS dengan menggunakan game engine.
Hasil yang di peroleh dalam penelitian ini adalah penerapan metode Finite State machine untuk menentukan gerak pekerja berdasarkan parameter jumlah harta, prajurit, kondisi bangunan, dan stockpile (jumlah resources yang di bawa). 

Kata kunci : Game, Real-Time Strategy, Gerak Pekerja, Finite State Machine.
",CAI
PEMANFAATAN TOGAF ADM UNTUK PERANCANGAN SISTEM INFORMASI DINAS PERINDUSTRIAN & PERDAGANGAN SEBAGAI SUB SISTEM ARSITEKTUR E-GOVERNMENT KABUPATEN BANGKALAN,"Penyusunan Sistem Informasi Dinas Perindustrian & Perdagangan (DISPERINDAG) Kabupaten Bangkalan dibuat untuk meningkatkan kualitas pelayanan dan membantu proses kinerja dari dinas tersebut. Salah satu faktor pendorong pemanfaatan sistem informasi yang lebih baik adalah semakin meningkatnya kebutuhan fungsi pelayanan yang dijalankan. Tujuan dari penerapan Arsitektur Enterprise adalah menciptakan keselarasan antara bisnis dan teknologi informasi bagi kebutuhan instansi, penerapan arsitektur enterprise tidak terlepas dari bagaimana sebuah instansi merencanakan dan merancang arsitektur enterprise tersebut. TOGAF ADM merupakan metodologi yang lengkap, banyak instansi yang tidak memahami secara jelas tentang tahapan – tahapan dari metodologi tersebut diterjemahkan ke dalam aktivitas perancangan Arsitektur Enterprise. Tahapan dalam perancangan Arsitektur Enterprise sangatlah penting dan akan berlanjut pada tahapan berikutnya yaitu rencana implementasi. TOGAF ADM memiliki empat komponen utama: arsitektur bisnis, arsitektur data, arsitektur teknologi dan arsitektur aplikasi. Pada intinya TOGAF digunakan untuk membuat Arsitektur Enterprise dari semua aspek tersebut yang menghasilkan model dan kerangka dasar dalam mengembangkan sistem informasi yang terintegrasi untuk mendukung kebutuhan Dinas Perindustrian & Perdagangan sesuai dengan Peraturan Bupati Bangkalan Nomor 38 Tahun 2010 Tentang Uraian Tugas Jabatan Struktural pada Dinas Perindustrian dan Perdagangan.",RPL
RANCANG BANGUN MANAJEMEN PEMBELAJARAN DAN TES TOEFL BERBASIS MOBILE,"Penggunaan teknologi mobile saat ini sangat marak, disamping keunggulannya dapat mudah bawa dibawa kemana-mana, teknologi mobile sekarang sangat mudah untuk dieksplorasi, terbukti dengan adanya smartphone yang mempunyai banyak layanan yang dapat bermanfaat bagi para penggunanya. Toefl (Test Of English As A Foreign Languange) sangat dibutuhkan dalam menghadapi kemajuan teknologi saat ini, Kurang besarnya minat masyarakat dalam belajar bahasa inggris dan mengikuti tes-tes Toefl yang ada, berpengaruh pada kemajuan teknologi.  Android  merupakan  subset  perangkat  lunak  untuk perangkat  mobile  yang  meliputi  sistem  operasi, middleware,  dan  aplikasi  inti  yang  di  release  oleh Google. Android SDK adalah  tools  API (Application Programming Interface)  yang digunakan untuk memulai membuat aplikasi pada platform Android dengan menggunakan bahasa pemrograman Java. Eclipse adalah sebuah IDE (Integrated Development Environment) yang digunakan dalam  coding  aplikasi Android nantinya. Salah satu pemanfaatan teknologi mobile yaitu dengan membuat media pembelajaran dan tes TOEFL baik soal berupa teks dan audio dengan menggunakan  teknologi Android, tentunya berbasis mobile. Dengan tes TOEFL, pembelajaran test dan kelebihan listening menu di dalam aplikasi ini, diharapkan akan dapat membatu meningkatkan pemahaman pengguna mengenai tes TOEFL.

Kata Kunci: tes TOEFL, ANDROID, Java , Mobile, SDK
",RPL
SISTEM PENDUKUNG KEPUTUSAN PEMILIHAN KARYAWAN BERPRESTASI DENGAN INTEGRASI FAHP dan ELECTRE II,Sumber daya manusia mutlak dibutuhkan untuk kemajuan suatu perusahaan guna menjadikan perusahaan itu menjadi perusahaan yang maju dan tidak kalah bersaing dengan perusahaan lainnya. Dalam hal ini maka dibuatlah Sistem Pendukung keputusan (SPK) pemilihan karyawan berprestasi untuk mencari karyawan berprestasi. Sistem Pendukung keputusan (SPK) ini menggunakan FAHP dan ELECTRE II. Metode FAHP merupakan metode yang cukup obyektif untuk proses penilaian berdasarkan hirarki kriteria yang digabungkan dengan konsep fuzzy sesuai kriteria penilaian kinerja karyawan perusahaan. Setelah mendapat bobot dilakukan proses selanjutnya dengan menggunakan metode ELECTRE II hingga mendapat karyawan berprestasi. Untuk menjaga bahwa penilaian ini tidak berpihak kepada salah satu karyawan dan bebas intervensi dari karyawan maka perusahaan menggunakan pihak luar yang independen dan profesional untuk melakukan penilaian terhadap karyawan. Hasil penilaian dari pihak luar yang berupa angka-angka kemudian oleh departemen sdm dilakukan penjumlahan nilai komulatif kriteria untuk mendapat karyawan terbaik tanpa ada prioritas kriteria yang lebih penting. Dengan menggunakan metode FAHP dan ELECTREII hasil keluaran mendekati keakuratan dengan hasil yang diperoleh dari areal manager di banding dengan hitung manual perusahaan tanpa memperhatikan bobot kepentingan.,CAI
"SISTEM PENENTUAN STATUS GIZI PASIEN RAWAT INAP
MENGGUNAKAN METODE NAÏVE BAYES CLASSIFIER
(STUDI KASUS : RSUD DR. H. SLAMET
MARTODIRDJO PAMEKASAN)","Di Indonesia masalah perkembangan gizi adalah masalah yang
perlu perhatian lebih. Jika seseorang tidak mengetahui tentang status
gizinya, maka tidak akan dapat mengontrol berapa banyak jumlah gizi
yang dibutuhkan dalam tubuh. Dalam penelitian ini dirancang aplikasi
sistem pendukung keputusan yang digunakan untuk menentukan status
gizi pasien dan memberikan solusi makanan pada pasien sesuai riwayat
penyakit yang di derita pasien. Sistem yang dirancang ini berbasis Web,
dan memudahkan pihak admin atau ahli gizi rumah sakit dalam
penentuan status gizi pasien. Diharapkan dengan adanya aplikasi ini
dapat memberikan efisien dan efektifitas kinerja setiap pihak.
Metode yang digunakan dalam penelitian ini menggunakan
Naïve Bayes Classifier (NBC). Metode terbaru yang di gunakan untuk
memprediksi probabilitas.Metode Naïve bayes Classifier melakukan
proses penentuan perhitungan probabilitas status gizi. Dimana dicari
nilai probabilitas terbesar yang kemudian menjadi kesimpulan
penentuan status gizi.
Metode ini dapat diterapkan dalam studi kasus Sistem
Penentuan Status Gizi Pasien dengan hasil akurasi terbesar 92%.
Kata Kunci : Naïve Bayes Classifier, Sistem Pendukung Keputusan,
Status Gizi, Web",CAI
RANCANG BANGUN SISTEM INFORMASI PEMETAAN TANAMAN PERTANIAN DI KABUPATEN BANGKALAN,"Kabupaten Bangkalan memiliki lahan pertanian seluas kurang lebih 98.683,38 Ha atau sekitar 79,03 % dari luas kabupaten Bangkalan seluruhnya. Lahan tersebut terdiri atas sawah teknis seluas 1.956,49 Ha tegal seluas 71.751,98 Ha, lahan kering mencapai 77.999,63 Ha yang tersebar di setiap kecamatan dengan topografi datar hingga berbukit. Namun demikian pembangunan pertanian mengalami hambatan karena selain kesuburan tanah rendah sebagian besar pembangunan pertanian masih tradisional  tanpa memerhatikan aspek kesesuaian lahan dan tanaman. Dalam tugas akhir ini dikembangkan sistem informasi pemetaan tanaman pertanian di kabupaten Bangkalan berbasis lahan. Penentuan jenis tanaman pada sistem berpedoman  pada hasil analisa kriteria kesesuaian jenis lahan dan jenis  tanaman dengan menggunakan metode matching dari Dinas Pertanian dan Peternakan Balai Penyuluhan Pertanian (BPP)  kabupaten Bangkalan. Data yang diperoleh diolah menjadi data spasial atau peta lokasi tanaman dengan memanfaatkan Google Maps sebagai aplikasi pemetaannya. Aplikasi Google Maps dipilih karena lebih memudahkan dalam mengetahui dan menentukan lokasi secara lebih detail. Penerapan aplikasi sistem informasi ini dapat membantu  pengguna khususnya petani dalam perencanaan dan pemilihan jenis tanaman yang sesuai untuk dikembangkan pada setiap kecamatan sehingga dapat meningkatkan produktivitas, kuantitas dan kualitas pertanian di kabupaten Bangkalan. 
	
Kata kunci: 	Kabupaten Bangkalan, Sistem Informasi, Google Maps, Lahan dan Tanaman.
",RPL
"APLIKASI SISTEM PENDUKUNG KEPUTUSAN DALAM PENENTUAN BEASISWA BIDIK MISI DENGAN PERBANDINGAN METODE ANALITYCAL HIERARCY PROCESS (AHP) DAN ELIMINATION AND CHOICE TRANSLATION REALETY (ELECTRE)
	(Studi K","Pemerataan dalam akses ke perguruan tinggi jenjang pendidikan menengah, sampai saat ini masih merupakan masalah di negara ini. Banyak lulusan jenjang pendidikan menengah yang berprestasi dan merupakan calon mahasiswa potensial tidak dapat melanjutkan ke jenjang pendidikan tinggi karena berasal dari kalangan keluarga yang kurang mampu secara ekonomi, menghadapi kendala seperti inilah program terbaru yang dikelola DIKTI adalah berupa solusi beasiswa bidik misi. Dengan perbandingan antara Metode Analitycal Hierarcy Process (AHP), untuk menyusun suatu struktur hierarchy, menentukan nilai prioritas kriteria dan Elimination and Choice Translation Realety (Electre) digunakan pada kondisi dimana alternatif yang kurang sesuai dengan kriteria dieleminasi, dan alternatif yang sesuai dapat dihasilkan. Berdasarkan uji coba dengan menggunakan data bidik misi tahun 2011, telah dapat dibuat suatu sistem pengambilan keputusan dalam prosentase ketepatan antara sistem dengan kondisi real, untuk metode  AHP 83.1 % dan metode Electre 49.01 %.
Keyword : AHP, Electre, Bidik Misi, Consistency,  Kriteria dan Nilai Prioritas.
",CAI
PENGELOMPOKAN KECAMATAN DI PULAU MADURABERDASARKANINDIKATOR PEMERATAAN PENDIDIKAN MENGGUNAKAN METODE K-MEANS CLUSTERING BERBASIS SMARTER (SIMPLE MULTY ATTRIBUTE RATING TECHNIQUE EXPLOITING RANKS METHO,"Pemerintah daerah Kabupaten/Kota selaku pengelola pendidikan dasar, memerlukan informasi mengenai kondisi pendidikan di wilayahnya untuk membuat perencanaan dan kebijakan yang sesuai mengenai perluasan dan pemerataan pendidikan. Untuk mengetahui informasi pemerataan pendidikan diperlukan pengelompokan kecamatan berdasarkan indikator pemerataan pendidikan. Pengelompokan (clustering) merupakan salah satu metode data mining membagi data ke dalam kelompok – kelompok yang mempunyai objek yang karakteristiknya sama. Metode clustering yang umum digunakan adalah k-means clustering. Pada penelitian ini, akan mengelompokkan kecamatan yang ada di Pulau Madura menjadi 3 kelompok dengan 18 variabel indikator pemerataan menggunakan metode k-means clustering berbasis smarter. Smarter dikenal sebagai metode yang menghasilkan bobot bagus karena sebelumnya dilakukan perangkingan. Pada uji coba yang telah dilakukan menggunakan iterasi 10, 50 dan 100, kinerja k-means berbasis smarter jauh lebih baik dibandingkan dengan k-means biasa. Metode k-means berbasis smarter memiliki nilai SSE (error) terkecil yaitu 658.61yang terletak pada cluster 3 di 50 iterasi. Hal ini menunjukkan semakin kecil nilai SSEnya berarti semakin baik suatu metode.

Kata kunci:indikator pemerataan pendidikan, clustering, k-means, smarter.
",CAI
"PENGENALAN POLA TULISAN TANGAN HURUF ALPHABET DENGAN MENGGUNAKAN ALGORITMA CHAIN CODE 
DAN k-NEAREST NEIGHBOR
","Pengenalan  pola  tulisan  tangan  adalah  sebuah  teknik dimana  input data yang berupa lembaran kertas hasil scan menggunakan scanner dan  menghasilkan  gambar  pada  komputer  yang  dikenali  sebagai  angka-angka biner, angka-angka biner  inilah yang kemudian diproses lebih lanjut dengan menggunakan algoritma  tertentu  menjadi  karakter  sehingga  dapat  dikenali  dan  diolah  menjadi informasi. Tentunya banyak sekali orang yang sudah mengenal tentang huruf alphabet  yang terdiri dari A sampai Z. Kelemahan dalam mengenali huruf adalah jika huruf yang dikenali sulit dan ada yang terhapus,  maka orang tersebut akan mencoba untuk mengenalinya dengan benar. Dan pada penelitian ini akan dibangun sebuah sistem pengenalan pola huruf alphabet menggunakan algoritma Chain Code dan k-Nearest Neighbor. Algoritma Chain code menggunakan metode yang melakukan penelusuran pixel-pixel pada objek dengan panduan arah mata angin. Dengan menggunakan arah  mata  angin  memiliki  keakuratan  akan pengenalan objek yang lebih baik. Setiap lekukan dapat dikenali sehingga penjejakan tepi mendekati objek aslinya. Yang  dapat menghasilkan vektor ciri berisi informasi berupa fitur kode chain code pembentuk huruf. Hasil yang akan diinputkan dalam proses klasifikasi menggunakan k-Nearest Neighbor(KNN). Metode ini tangguh terhadap data uji yang noise serta efektif jika menggunakan data uji yang besar
",CAI
SEGMENTASI DAN PENGENALAN OBYEK KARAKTER BERBASIS 2-D CORRELATION COEFFICIENT PADA PLAT NOMOR KENDARAAN ,"Sistem pengenalan karakter plat nomor kendaraan saat ini sudah banyak diciptakan dengan berbagai metode oleh peneliti-peneliti sebelumnya. Dalam penelitian ini dilakukan pengenalan obyek karakter plat nomor kendaraan dengan metode 2d-Correlation Coefficient. Metode ini membutuhkan data training terdiri dari citra angka 0-9 dan huruf a-z dengan ukuran dimensi 42x24. Ada empat tahap yang dilakukan, pertama pre-processing, yaitu menghilangkan noise dengan menggunakan metode Median Filter dan Adaptive Wiener Filter. Kedua, segmentasi  karakter berdasarkan topologi citra. Ketiga, resizing supaya ukuran dimensi masing-masing citra karakter sama dengan ukuran citra karakter pada data training. Keempat, pengenalan karakter yaitu pengukuran similarity menggunakan metode 2-d Correlation Coefficient. Eksperimen dilakukan terhadap 50 citra plat nomor. Dari hasil eksperimen dengan filtering median filter diperoleh akurasi sebesar 82.00 %. Dan hasil eksperimen dengan filtering Adaptive Wiener Filter diperoleh akurasi sebesar 84.79 %.  ",CAI
"KLASIFIKASI EFEKTIVITAS MENGHAFAL ASMAUL HUSNA MELALUI PEMBELAJARAN HANIFIDA MENGGUNAKAN 
GAME EDUKASI DENGAN METODE FUZZY
","Game sudah merambah dalam berbagai bidang kehidupan, tidak terkecuali bidang pendidikan. Manusia mempunyai sifat dasar lebih cepat mempelajari segala sesuatu secara visual – verbal, sehingga game juga baik jika dilibatkan dalam proses pendidikan. Salah satu materi yang dapat dimasukkan dalam game edukasi adalah pembelajaran menghafal Asmaul Husna. Metode pembelajaran juga sangat penting digunakan untuk media pembelajaran. Salah satu metode yang digunakan adalah metode Hanifida. Game yang dibuat menggunakan metode Hanifida terdiri dari 4 level. Tiap-tiap level merepresentasikan tahapan-tahapan dalam pembelajaran metode Hanifida. Pada penelitian ini, penulis mengukur tingkat keefektifan metode Hanifida sebagai media pembelajaran dengan mengklasifikasi hasil uji coba game. Uji coba game yang digunakan adalah pada game level 4 yang diuji coba pada 30 siswa-siswi Sekolah Dasar. Hasil uji coba kemudian diklasifikasi menggunakan metode Fuzzy. Terdapat 3 input variabel dari hasil uji coba game level 4, yaitu nilai, waktu, dan langkah. Variabel-variabel tersebut digunakan untuk proses klasifikasi. Selain input variabel, juga terdapat output variabel, yaitu hasil keefektifan. Hasil keefektifan dari klasifikasi Fuzzy yang dilakukan pada hasil uji coba game level 4, yaitu metode Hanifida efektif dijadikan sebagai media pembelajaran dalam menghafal Asmaul Husna sebesar 73.3% dengan rincian persentase untuk hasil sangat efektif 23.3% dan hasil efektif sebesar 50%.",RPL
"SISTEM PENDUKUNG KEPUTUSAN PENERIMAAN MAHASISWA BARU di STKIP PGRI BANGKALAN
MENGGUNAKAN DECISION TREE C4.5","Banyaknya calon mahasiswa baru yang mendaftar sebagai mahasiswa di STKIP PGRI Bangkalan membuat para panitia penerima mahasiswa baru kesulitan untuk menentukan peserta yang lulus dan diterima menjadi mahasiswa STKIP PGRI Bangkalan. Keputusan yang diambil secara konvensional selama ini dirasa kurang efektif dalam penentuan penerimaan mahasiswa baru, dibutuhkan suatu sistem yang dapat memberikan suatu pertimbangan dalam mengambil keputusan dalam hal penerimaan mahasiswa baru sehingga waktu yang dibutuhkan dalam penentuan penerimaan mahasiswa baru lebih efektif dan dengan hasil yang maksimal tentunya. Adapun penilaian calon mahasiswa baru didasarkan beberapa kriteria antara lain  Nilai ujian nasional,	nilai tes masuk STKIP PGRI Bangkalan, dan pendapatan orang tua.
Dibutuhkan perangkat lunak pendukung keputusan untuk pengambilan keputusan dalam penerimaan mahsiswa baru untuk mendukung kinerja panitia penerimaan mahasiswa baru dengan metode pengambilan keputusan yang tepat dalam hal ini adalah algoritma Decision Tree C4.5. Perangkat lunak yang dibangun ditujukan untuk membantu pengambilan keputusan pemecahan masalah multikriteria dalam kasus penerimaan mahasiswa baru di STKIP PGRI Bangkalan - Bangkalan Madura.
Berdasarkan analisa pada penelitian ini diperoleh hasil bahwa sebanyak 165 mahasiswa baru dinyatakan lulus dengan nilai Unas >20, 10 mahasiswa dinyatakan lulus dengan perhitungan nilai ujian masuk > 20 dan 25 mahasiswa dinyatakan tidak lulus untuk atribut nilai ujian masuk <20
",CAI
APLIKASI BELAJAR MENULIS ALPHANUMERIK UNTUK ANAK USIA PRA-SEKOLAH BERBASIS ANDROID,"Kemampuan menulis Alphanumerik  merupakan bekal utama bagi anak untuk dapat memahami mata pelajaran yang diberikan di sekolah. Salah satu alternatif untuk  membantu meningkatkan minat dan kemampuan anak dalam belajar menulis Alphanumerik adalah dengan menggunakan media pembelajaran berupa perangkat  lunak (software). Penelitian tugas akhir ini adalah membuat sebuah aplikasi yang menyajikan pembelajaran menulis Alphanumerik  yang sengaja dikemas dalam bentuk permainan supaya dapat meningkatkan minat belajar anak usia pra-sekolah. Aplikasi pembelajaran ini dibagi menjadi dua, yaitu pengenalan pola dan  pengenalan karakter. Untuk pengenalan pola dibuat dengan mengikuti jalur yang ada pada gambar yang diwakili oleh gambar bola sebagai dasar dari tiap sudut Alphanumerik. Garis dibuat dengan menggeser jari pada layar handphone dari satu titik ke titik yang lain yang menghubungkan setiap sudut Alphanumerik. Cara menulis ini dibuat sesuai dengan kaedah penulisan Alphanumerik yang ada di pendidikan menulis usia dini. Sedangkan dalam pengenalan karakter, aplikasi merekam tulisan tangan Alphanumerik yang telah dibuat oleh pengguna pada tempat yang disediakan. Dari tulisan tangan tersebut kemudian akan diproses pada tahapan pengolahan citra. Citra gambar tersebut dibandingkan dengan database yang ada pada aplikasi dengan bantuan Library Tesseract sebagai mesin perbandingannya. Dari hasil uji coba, anak-anak pra-sekolah mudah mengoprasikan aplikasi ini.",RPL
GPS TRACKING UNTUK MENEMUKAN LOKASI PUSKESMAS KELILING BERBASIS MOBILE ANDROID,"Mobil keliling merupakan suatu program pemerintah yang banyak digunakan saat ini, salah satunya adalah puskesmas keliling. Puskesmas keliling tersebut diperuntukan untuk pelayanan kesehatan masyarakat yang lebih baik lagi. Objek yang berupa mobil sering berpindah-pindah tempat sehingga masyarakat yang ingin menggunakan jasa puskesmas keliling tersebut harus mencari objek dan tempat dimana mobil tersebut berada. Objek dan tempat tempat yang belum diketahui, menjadi kendala untuk menemukan objek atau tempat yang dicari. Namun  permasalahannya adalah, ketika puskesmas ingin melakukan share lokasi, mereka harus terhubung dengan internet, sehingga jika tidak memiliki koneksi internet tidak dapat melakukan share lokasi dimana puskesmas keliling berada. Dalam tugas akhir ini, dibuat sebuah sistem share data lokasi, dimana sisi client akan mendapatkan titik lokasi objek tanpa koneksi internet. share lokasi ini memanfaatkan layanan SMS yang lebih umum tersedia dibandingkan internet. Dengan menggunakan dua aplikasi yang berperan sebagai Server dan Client, sistem ini memiliki dua fungsi utama, yaitu fungsi pelacakan dengan GPS Tracking pada aplikasi Server, dan fungsi untuk menampilkan peta dengan memanfaatkan Google Maps pada aplikasi Client. Aplikasi ini dipasang dalam smartphone yang berbasis android. Dengan kemanfaatan rata-rata 62,33 % dan tampilan rata-rata 57,66 %.

Keywords: GPS Tracking, Google Maps, Server, Client, Android",RPL
"SISTEM PENGAMBILAN KEPUTUSAN PENGAJUAN 
KREDIT BANK MENGGUNAKAN 
METODE REGRESI LOGISTIK ORDINAL 
","Untuk mengantisipasi penyelesaian kredit macet yang dapat mempengaruhi kesehatan bank sehingga perlu untuk analisis kelayakan  pemberian pada calon debitur.Pada penelitian ini akan di buat sistem untuk mengetahui debitur termasuk pada kategori kredit lancar, dalam perhatian khusus, kurang lancar, dan macet. Metode yang digunakan adalah metode regresi logistik untuk menentukannya, variabel yang di gunakan dalam penelitian ini adalah penghasilan perbulan, jumlah pinjaman, jaminan, jangka waktu, biaya hidup perbulan, tabungan, margin, usia, jenis kelamin, pekerjaan, pendidikan terakhir. Objek pada penelitian ini adalah kredit yang terdapat di Bank BPRS. Sistem pendukung keputusan menggunakan metode Regresi Logistik Ordinal sangat cocok  digunakan   untuk   penentuan Kelayakan kredit  berdasarkan  kriteria   yang  sudah ditentukan. Karena hasil output mendekati keakuratan dengan nilai akurasi mencapai 98%.

Kata kunci : regresi logistik, kredit, ordinal.
",CAI
"PENGELOMPOKAN INDUSTRI KECIL MENENGAH DALAM PENGGUNAAN TEKNOLOGI INFORMASI MENGGUNAKAN METODE K-MEDOID
(STUDI KASUS : INDUSTRI KECIL MENENGAH BATIK DAN JAMU KABUPATEN BANGKALAN MADURA)","Industri Kecil Menengah (IKM) merupakan salah satu bentuk usaha Kecil dan Menengah (UKM) yang mampu membantu pertumbuhan ekonomi di dalam nasional dan regional. Ketatnya persaingan pasar dan banyaknya jumlah IKM akan mempengaruhi tingkat pemasaran. Dengan memanfaatkan penggunaan TI pada IKM akan membantu memperluas tingkat pemasaran sehingga penggunaan TI menjadi salah satu akses bagi IKM untuk mengembangkan usahanya. Peran TI pada IKM semakin penting pada saat ini dikarenakan sudah memasuki era informasi. Pemanfaatan penggunaan TI pada IKM di Kabupaten Bangkalan kurang dimanfaatkan karena minimnya pengetahuan dalam penggunaan TI. Dalam penelitian ini dilakukan pengelompokan (clustering) yang merupakan metode data mining yang membagi data kedalam kelompok-kelompok yang mempunyai objek yang karakteristiknya sama. Pada penggunaan tingkat TI di IKM akan dilakukan pengelompokan berdasarkan kriteria TI menggunakan metode k-medoid menggunakan distance measure: Manhattan, Euclidean, dan Canberra distance. Untuk memvalidasi data setelah proses clustering digunakan Davies Bouldin Index (DBI). Semakin kecil nilai DBI maka semakin baik kualitas cluster.",CAI
KLASIFIKASI PENERIMA BEASISWA GAKIN MENGGUNAKAN ALGORITMA C4.5,"Selama ini untuk menentukan penerima beasiswa hingga tahap ke tujuh masih dilakukan dengan cara manual oleh Dinas Pendidikan Kabupaten Lamongan.Pemberian beasiswa diperuntukkan untuk mahasiswa yang secara ekonomi kurang mampu untuk membayar biaya studi di perguruan tinggi. Banyaknya kriteria yang digunakan untuk penentuan pemberian beasiswa mengakibatkan sulitnya membuat keputusan pemberian beasiswa. Selain itu waktu yang dibutuhkan juga lama. Tujuan penelitian ini adalah membuat klasifikasi penerima beasiswa dengan menggunakan algoritma C4.5 salah satu metode decision tree.Dengan adanya sistem ini dapat mempermudah dan mempercepat penentuan calon penerima beasiswa. Data yang digunakan 460 data dan untuk setiap atribut dihitung menggunakan rumus gain ratio untuk menghasilkan pohon dan rule keputusan. Dari uji coba yang telah dilakukan,untuk skenario uji coba 1 menghasilkan akurasi sebesar 83,97% tanpa pruning, 84,73 % menggunakan prepruning, dan 85,5% untuk post pruning. Sedangkan skenario uji coba 2 menghasilkan 91,24% tanpa pruning, 93,55% menggunakan prepruning dan 93,90 % untuk postpruning. Untuk skenario uji coba 3 menghasilkan akurasi sebanyak 83,71% tanpa pruning, sedangkan 89,9% untuk prepruning. Dari skenario uji coba yang dilakukan nilai akurasi yang dihasilkan setelah dilakukan pruning lebih baik dari pada tanpa pruning. Proses kalsifikasi menggunakan skenario 2 teknik prepruning digunakan sebagai acuan klasifikasi pendaftar baru, karena memiliki akurasi tertinggi sebesar 93,55%.",CAI
"PENGELOMPOKAN TINGKAT KESEHATAN MASYARAKAT JAWA TIMUR MENGGUNAKAN SOM DENGAN CLUSTER VALIDATION IDB DAN I-DUNN
","Data hasil RISKEDAS JAWA TIMUR merupakan data yang tidak teratur. Hal ini disebabkan karena data tersebut merupakan data riil atau data nyata yang didapatkan dari dari survei lapangan secara langsung. Salah satu metode pengolahan data dengan cara pengelompokan (Clustering) adalah SOM (Self Organizing Map). Sedangkan penggunaan Cluster validation dalam SOM bertujuan untuk meningkatkan akurasi hasil analisa data. Cluster Validation terdiri dari IDB dan Index DUNN. Pada proses awal akan dilakukan Clustering menggunakan SOM untuk menentukan Cluster-Cluster dari data yang sudah ada. Kemudian dilanjutkan dengan proses Validation menggunakan IDB dan I-DUNN. Hasil yang dicapai pada penelitian ini sesuai uji coba yang telah dilakukan pada modul data penyakit mata dengan record kabupaten di jawa timur  di hasilkan nilai IDB dengan hasil nilai terbesar ada pada tiga Cluster dengan nilai 32,8657368103193, dan nilai terkecil ada pada sepuluh cluster dengan Nilai 9,85972104309579  sedangkan nilai I-DUNN nya dengan hasil terkecil ada pada tiga Cluster dengan nilai 0,666666666666667 dan nilai terbesar terdapat pada sepuluh Cluster dengan nilai 0,9. Sehingga dapat disimpulkan bahwa metode Cluster SOM mengunakan Cluster validation IDB semakin kecil nilai yang dihasilkan maka semakin bagus hasilnya sedangkan mengunakan Cluster validation I-DUNN semakin besar nilai yang dihasilkan maka semakin bagus hasil yang di dapat.",CAI
"SISTEM PENDUKUNG KEPUTUSAN PEMILIHAN PRODUK UNGGULAN DAERAH MENGGUNAKAN METODE ENTROPY DAN ELECTRE II
(STUDI KASUS: DINAS KOPERASI, INDUSTRI 
DAN PERDAGANGAN KABUPATEN LAMONGAN)","Kompetisi produk unggulan daerah semakin kedepannya menjadi semakin ketat dengan meningkatnya laju perkembangan ekonomi, pertumbuhan industri dan kemajuan teknologi. Persaingan ini ini membuat setiap industri harus lebih jeli dalam merumuskan rumusan stratgi kebijakan. Pengambilan keputusan untuk mendapatkan produk unggulan yang sesuai dengan kebutuhan dan kemampuan diperlukan suatu keputusan yang akurat dan efektif agar tidak salah dan meminimalisir kerugian dalam dalam segi biaya dan waktu. Penelitian ini menggunakan metode entropy dan electre II. Penelitian dengan metode ini mendapatkan hasil perangkingan berdasarkan jumlah dominasi menghasilkan perangkingan yang lebih parsial dan sensitif dibandingkan perangkingan berdasarkan level. Kriteria dalam sitem ini adalah omset, tenaga kerja, nilai investasi, target pasar, jumlah bahan baku dan jumlah perusahan dalam satu produk unggulan. Penelitian ini mendapatkan hasil akurasi sistem yang mencapai 30%.",CAI
Perancangan media pengenalan huruf mengunakan konsep phonics games berbasis Microsoft Speech API,"Speech Application Programming Interface (SAPI) merupakan program pengenal suara yang dikembangkan oleh Microsoft. Speech Application ProgrammingInterface (SAPI) sendiri mempunyai dua tipe dasar yaitu sistem teks ke suara (Text to Speech) dan juga pengenalan suara ke teks (Speech Recognition). 
	Pada tugas akhir yang dibuat ini mengunakan 130 data gambar serta 130 data suara yang sebelumnya telah diformat sesuai kebutuhan yaitu GIF untuk data gambar dan WAV untuk data suara. Pengenalan dalam aplikasi game ini dibagi menjadi dua level,level pertama pengenalan huruf dengan  mengucapkan sebuah huruf dengan output berupa gambar dan suara dari gambar tersebut. Level kedua anak/user menebak gambar yang telah muncul pada layar. Jika tebakan benar akan muncul teks dengan nama gambar tersebut dan jika salah akan ada teks “jawaban salah”.
	 Aplikasi ini ditujukan untuk kebutuhan pendidikan anak khususnya usia 5-15 tahun yang sudah mempunyai sedikit kefasihan dalam mengucapkan suara dalam bahasa inggris.
",CAI
Rancang Bangun Aplikasi Kamus Indonesia Madura Berbasis Android,"Kamus pada perangkat selular lebih praktis dibandingkan dengan kamus cetak konvensional, karena pengguna dapat menerima informasi dengan cepat dimana saja tanpa adanya batasan ruang dan waktu. Kamus dapat memberikan informasi dan juga dapat dijadikan suatu media untuk belajar memahami istilah atau arti kata bahasa asing ataupun bahasa suatu daerah sehingga menambah pengetahuan dan wawasan.
Madura sebagai salah satu daerah di Indonesia yang memiliki adat bahasa yang khas. Selain itu, keaneka ragam budaya yang ada di Madura menjadi daya tarik wisatawan untuk berkunjung ke Pulau Madura. Ketrampilan berbahasa sangat dibutuhkan untuk mempermudah berkomunikasi dengan masyarakat madura. 
Penulis menggunakan Android sebagai platform media aplikasi ini karena android berbasis open source. Kebutuhan akan informasi sangat penting dan semakin luas pengetahuan pengguna akan bahasa daerah khususnya bahasa Madura dapat terpenuhi serta tidak terbatas ruang dan waktu karena kamus Madura ini diimplementasikan pada perangkat selular yang menggunakan sistem operasi Android versi 2.3 Ginggerbread. Aplikasi kamus mobile bahasa Indonesia Madura berbasis android ini dirancang agar pengguna dapat menambah wawasan dan mengetahui kata-kata dasar bahasa Madura dengan mengakses langsung dari perangkat selular mereka tanpa harus mencari pada kamus cetak konvensional atau menggunakan kamus online.

Kata kunci : Android, Kamus, Indonesia – Madura
",RPL
"Pengenalan Wajah Berbasis Diagonal LDA
Linear Discriminant Analysis
","Pengenalan wajah merupakan bagian dari pattern recognition. Pengenalan wajah yang telah banyak diterapkan dimasyarakat, diaplikasikan pada sistem keamaan penerbangan, kepolisian dan pelayanan kependudukan. Penelitian ini menggunakan citra sebanyak 400 citra wajah, proses pengenalan wajah pada sistem ini dilakukan 4 tahap. Tahap pertama adalah data citra diproses dengan menjadikan citra wajah menjadi citra diagonal. Tahap kedua citra wajah diproses ekstraksi fitur menggunakan metode Principle Component Analysis (PCA). Tahap ketiga ekstraksi fitur citra wajah menggunakan metode Linear Discriminant Analysis (LDA). Tahap keempat hasil nilai matrik bobot dari masing - masing proses ekstraksi fitur. Tahap selanjutnya tahap pengklasifikasian dengan menggunakan jarak kemiripannya dengan menggunakan metode Manhattan Distance dan Naive Bayes Classifier, dalam skenario ujicoba sistem dari 4 skenario menggunakan Manhattan Distance menghasilkan rata - rata akurasi 93.75%. Sedangkan menggunakan Naive Bayes Classifier menghasilan rata - rata 88.15% Hasil analisa tersebut menyimpulkan bahwa input citra diagonal  metode Diagonal LDA Linear Discriminant Analysis bisa diterapkan dalam pengenalan wajah.

Kata Kunci: Pengenalan wajah, Diagonal LDA Linear Discriminant Analysis, Manhattan Distance, Naive Bayes Classifier.",CAI
"PERANCANGAN DAN PEMBUATAN SISTEM PENDUKUNG KEPUTUSAN PENENTUAN PEMBERIAN BEASISWA MENGGUNAKAN METODE FUZZY ANALYTICAL HIERARCHY PROCESS (FAHP) DAN ORESTE
","Pada lembaga pendidikan khususnya Universitas banyak sekali menawarkan beasiswa kepada mahasiswa, terutama bagi mahasiswa yang sedang aktif kuliah, beasiswa yang diberikan diantaranya beasiswa PPA dan BBM. Beberapa masalah yang terjadi dalam sistem beasiswa diantaranya rekapitulasi, penyeleksian, perangkingan dan publikasi hasil masih dalam cara manual sehingga perlu adanya sistem pendukung keputusan yang dapat membantu kegiatan terkait beasiswa. Sistem pendukung keputusan ini dapat difungsikan sebagai media informasi dan publikasi hasil seleksi beasiswa, serta proses perangkingan dan seleksi secara otomatis oleh panitia seleksi beasiswa di Universitas Trunojoyo Madura. Penyeleksian beasiswa ini menggunakan metode FAHP untuk pembobotan dan metode Oreste sebagai perangkingannya. Sistem pendukung keputusan ini nantinya dapat membantu panitia penyeleksi beasiswa dalam memilih mahasiswa yang memang berhak mendapatkan beasiswa.",CAI
rancang bagun game maze sebagai game edukasi bahasa inggris pada anak,"ABSTRAK
Pada era teknologi yang modern, game tidak hanya sekedar dibuat untuk bermain saja tetapi juga digunakan untuk suatu pembelajaran. Anak - anak telah memainkan berbagai jenis game, salah satu jenis game yang akan di buat dalam Tugas Akhir (TA) ini adalah game maze. Game maze merupakan sebuah permainan yang bertujuan menentukan jalur yang tepat untuk menuju tempat yang telah ditetapkan. Game ini memiliki jalur yang rumit dan berliku-liku, sehingga dapat melatih logika dan imajinasi pada anak. Game maze ini akan berisi edukasi pembelajaran berbahasa inggris. Karena, saat ini ketertarikan seorang anak pada pelajaran bahasa inggris masih rendah, selain itu bahasa inggris merupakan bahasa yang sulit diterapkan oleh anak. Bahasa inggris hanya digunakan didalam kelas dan dalam waktu terbatas dengan metode belajar yang membosankan dan kurang menarik. Oleh karena itu, game ini dirancang menjadi game yang menarik, menyenangkan dan dapat meningkatkan kemampuan bahasa inggris anak. 
",RPL
"IMPLEMENTASI PERAMALAN PENJUALAN MENGGUNAKAN 
METODE EXPONENTIAL SMOOTHING 
(Studi Kasus : Penjualan Produk Aksesoris Olahraga di Toko Trend Soccer) ","Peramalan memperkirakan sesuatu pada waktu-waktu yang akan datang berdasarkan data masa 
lampau yang dianalisa secara ilmiah, khususnya menggunakan metode perhitungan statistika. 
Semakin banyak jumlah permintaan konsumen terhadap aksesoris olahraga maka secara 
otomatis penjualanya akan meningkat pula.hal ini akan tergantung terhadap banyaknya  
penjualan aksesoris olahraga kepada konsumen.  Selama ini  toko trend soccer  tidak pernah 
menggunakan sistem peramalan.  Tidak adanya peramalan mengakibatkan kurang efisien 
terhadap keuntungan toko tersebut karena tidak ada peramalan penjualan tiap mingguannya. 
oleh karena itu dibutuhkan implementasi peramalan yang bisa memprediksi jumlah penjualan 
tiap minggunya agar mengetahui besarnya penjualan tiap minggunya Maka untuk meramalkan 
menggunakan metode Single Exponential Smoothing, dan Double Exponential Smoothing dan 
diterapkan pada tools winqsb, Program WinQSB merupakan program komputer yang dapat 
melakukan peramalan berkaitan dengan data-data berpola konstan, trend atau musiman, dengan 
masing-masing dari pola data tersebut menggunakan metode dalam WinQSB yang berbeda. 
Dalam pola-pola tersebut juga terdapat metode-metode yang ada.Dari hasil peramalan yang 
dilakukan  menggunakan metode  single exponential smoothing dan double exponential 
smoothing  dengan nilai  ? 0,1,  ? 0,3, ? 0,5.  diperoleh hasil terbaik dengan nilai MSE dan 
MAPE terkecil dengan nilai rata-rata MSE sebesar 62.64  dan nilai MAPE sebesar 12.64%. 
Kata kunci : Peramalan,  Single Exponential Smooting (SES), Double Exponential Smooting 
(DES), Mean Square Error (MSE). 
 ",CAI
PENCARIAN RUTE TERPENDEK PADA PEMETAAN LOKASI PENDIDIKAN FORMAL DI KOTA BANGKALAN,"Sistem Informasi Geografis telah banyak dikembangkan, salah satunya digunakan untuk untuk pemetaan pencarian jarak terpendek dengan memanfaatkan PgRouting. Hal ini disebabkan PgRouting menyediakan fitur untuk jarak terpendek, sehingga tidak dapat dipungkiri banyak digunakan. Oleh karena itu, perlu adanya literatur yang lebih untuk pemanfaatan PgRouting salah satunya Algoritma Shooting-Star (Shooting*) berbasis web. 
WebGis ini menggunakan bahasa pemrograman PHP, Penanganan data spasial aplikasi tersebut menggunakan MapQuest, untuk data atribut menggunakan PostgreSQL PostGIS, serta QuantumGis untuk digitasi peta. Shooting-Star merupakan salah satu algoritma pencarian untuk rute terpendek pada graf berarah yang berada di dalam pgRouting.
Algoritma Shooting-Star berbasis Web dapat memberikan solusi untuk menentukan jarak terpendek menuju ke lokasi sekolah formal yang berada di kota Bangkalan dengan jarak tempuh dan waktu yang lebih efisien.
",CAI
Rancang Bangun Game Edukasi Hanifida untuk Menghafal Asmaul Husna Berbasis Mobile Android,"Dunia pendidikan mulai masuk kedalam dunia teknologi informasi. Banyak sekali kegiatan positif yang dapat membantu dalam pelaksanaan kegiatan belajar-mengajar di lingkungan pendidikan. Tidak terkecuali dalam dunia pendidikan agama, khususnya agama islam. Sekarang cukup banyak aplikasi-aplikasi seperti Al-Qur’an digital dan jadwal shalat yang terpasang di komputer maupun laptop. Namun, untuk aplikasi kategori game masih belum tersedia.Hanifida merupakan metode baru yang dirasa sangat efektif dalam menghafal 99 asmaul husna. Media-media yang ada masih belum menggunakan media digital, apalagi berbasis game mobile. Seperti kita ketahui, perangkat mobile sangat digemari oleh masyarakat, khususnya mobile android. Belajar menghafal asmaul husna melalui game juga akan lebih menarik, ringkas, dan tidak cepat bosan. Media yang akan digunakan dalam mengimplementasilkan metode hanifida yaitu melalui game edukasi dengan tujuan untuk mempermudahkan pengguna dalam belajar yang menyenangkan. Di dalam game ini terdapat menu materi dan game yang terdiri dari 4 level.Game edukasi Hanifida secara langsung memunculkan hasil penilaian pemain. Pada tiap-tiap level menggunakan metode fuzzy untuk mengkategorikan nilai pemain. Dari 4 level permainan tersebut, masing-masing nilai akan diambil dan diakumulasikan untuk mendapatkan nilai akhir. Diakhir permainan, pemain akan mendapatkan badge digital yang berisikan nilai pemain dari setiap level dengan format .jpeg.
Kata kunci : Hanifida, mobile android, game edukasi .",RPL
"“RANCANG BANGUN SISTEM INFORMASI UNIT KEGIATAN MAHASISWA”
(Studi Kasus : Universitas Trunojoyo Madura)
","Semakin berkembangnya sebuah organisasi di Universitas Trunojoyo Madura dibutuhkan sebuah sistem informasi untuk mempermudah aktifitas pelaporan unit kegiatan mahasiswa. Pada awalnya unit kegiatan mahasiswa  melaporkan aktifitas program kerja, proposal kegiatan, laporan pertanggung jawaban kegiatan, prestasi, dan pendaftaran anggota unit ukm melalui cara manual. Hal ini menyebabkan data setiap transaksi rawan terjadi kesalahan dan hilangnya data. Oleh karena itu penulis membuat sebuah solusi untuk meminimalisir kejadian tersebut dengan merancang sebuah sistem informasi unit kegiatan mahasiswa khususnya di fakultas teknik. 
Dengan adanya sistem informasi unit kegiatan mahasiswa seluruh data transaksi menjadi lebih tertata dalam pengarsipan aktifitas pelaporan. Sehingga kader organisasi selanjutnya dapat memanfaatkan dokumentasi yang telah tesedia. Sedangkan pengujian tugas akhir ini menggunakan data bersumber dari masing-masing unit kegiatan mahasiswa di universitas trunojoyo madura.
Kata Kunci : Unit Kegiatan Mahasiswa, Program Kerja, Proposal Kegiatan, Laporan Pertanggungjawaban, Prestasi, Pendaftaran Anggota
",RPL
Sistem Pendukung Keputusan Penilaian Resiko Kerugian Usaha Kecil dan Menengah (UKM) dengan Metode Fuzzy – Analytic Network Process (FANP),"Persaingan bisnis merupakan salah satu faktor resiko yang diperhitungkan dalam UKM, untuk mencegah resiko dibutuhkan manajemen yang baik dalam penanganan resiko tersebut. Pada tugas akhir  ini akan mencari kriteria yang mempengaruhi terjadinya  kerugian berdasarkan kriteria-kriteria yang  telah ditentukan oleh Dinas Koperasi dan UMKM Kabupaten Bangkalan dengan pendekatan  metode Fuzzy Analitic Network Process (FANP) sebagai sistem pendukung keputusan. Dalam penelitian ini perusahaan yang menjadi objek penelitian ini adalah Usaha Kecil Menengah (UKM) di daerah bangkalan yaitu UKM Peri Kecil dan UKM HMF/Hj. Unyil. Dari hasil penelitian dengan hasil kuisioner yang telah diisi oleh Dinas Koperasi dan UMKM kabupaten bangkalan diperoleh pada UKM Peri Kecil dan HMF/Hj Unyil  mengindentifikasi Resiko Sedang hingga Resiko Rendah yaitu dengan nilai pada UKM Peri Kecil 2,7246 ,2,7061 ,2,5549 ,1,9672 dan 1,6371 dan pada UKM HMF/Hj Unyil dengan nilai 2,5634 ,2,4751 ,2,4751 , 1,7966 , dan  21,7966. Sedangkan dengan hasil kuisioner yang berbeda yang telah diisi oleh masing – masing UKM diperoleh pada UKM Peri Kecil  mengindentifikasi Resiko Tinggi hingga Resiko Rendah yaitu dengan nilai 2,9647 ,3,0346 ,2,7159 , 2,6887 dan 1,8485 sedangkan pada UKM HMF/Hj Unyil mengindentifikasi Resiko Sedang hingga Resiko Rendah yaitu dengan nilai 2,8772 ,2,49431 ,2,4931 ,2,2114 , dan  2,2114.
Kata kunci: Sistem Pendukung Keputusan, Usaha Kecil Menengah (UKM), Resiko, Fuzzy Analytic Network Process ( FANP ).

",CAI
SISTEM INFORMASI EVALUASI MUTU AKADEMIK DAN PROSES PEMBELAJARAN STUDI KASUS : PROGRAM STUDI TEKNIK INFORMATIKA UNIVERSITAS TRUNOJOYO MADURA MENGGUNAKAN METODE SIMPLE ADDITIVE WEIGHT (SAW),"Universitas Trunojoyo Madura (UTM) merupakan salah satu perguruan tinggi negeri di madura jawa timur. Setiap instansi sekolah bahkan perguruan tinggi tidak terlepas dengan adanya evaluasi dalam pembelajaran agar dapat terciptanya efektifitas dan kualitas pada Stake Holder itu sendiri. Pihak-pihak yang disebut Stake Holder, yang terdiri dari Dosen. Oleh karena itu, tim jaminan mutu mengambil studi kasus : program studi teknik informatika universitas trunojoyo madura karena masih adanya ketidakpuasan mahasiswa pada saat proses belajar mengajar, sehingga setiap 1 semester/periodenya dituangkan dalam bentuk kuisioner yang masih manual yaitu dalam bentuk kertas sehingga dibuatlah sistem. Salah satu metode yang dapat digunakan yaitu metode Simple Additive Weight(SAW). Tujuan adanya sistem evaluasi proses pembelajarn ini, untuk menghasilkan nilai IPD per matakuliah dan per dosen serta meningkatkan pendidikan dalam proses belajar mengajar yang efektif.
Hasil dari pengujian sistem menggunakan Simple Additive Weight (SAW) mencapai tingkat akurasi 90% untuk jumlah data latih 50 user dan data uji 10 user. Sedangkan untuk metode Simple Additive Weight(SAW) yang digunakan pada beberapa evaluasi matakuliah mencapai tingkat akurasi tertinggi sebesar 97,5%.
",RPL
RANCANG BANGUN SISTEM INFORMASI KINERJA DOSEN BERBASIS WEB FRAMEWORK CODEIGNITER,"Sistem Informasi merupakan sistem pengelolaan suatu data menjadi informasi yang berkualitas dan dapat digunakan sebagai alat bantu yang mendukung pengambilan keputusan. Untuk informasi yang di gunakan terdapat beberapa unsur yang di sebut subsistem, yang saling berhubungan dengan yang lain agar suatu sistem dapat berjalan dengan efektif dan efesien.
Setiap Dosen Pegawai Negeri Sipil wajib menyusun Sasaran Kerja Pegawai (SKP) sebagai rancangan pelaksanaan Kegiatan Tugas jabatan, sesuai dengan rincian tugas, tanggung jawab dan wewenangannya, yang secara umum telah ditetapkan dalam struktur dan tata kerja organisasi. Adapun dalam ruang lingkup dosen, kewajiban dalam perancangan pelaksanaan kegiatan tugas jabatan yaitu mengacu pada tri dharma perguruan tinggi.
Hasil dari penelitian ini adalah suatu sistem kinerja dosen yang mengacu pada tri dharma perguruan tinggi dalam pengisian target awal dan realisasi target dosen. Fungsi utama dari sistem ini yaitu memberitahukan target dosen yang belum tercapai sesuai dengan target awal awal dosen. Sistem ini juga mendukung pemberitahuan tentang batas pengisian target awal serta realisasi target dosen.",RPL
SISTEM BISNIS CERDAS (INTELLIGENT E-BUSINESS) INDUSTRI BATIK BANGKALAN dengan MENGGUNAKAN K-MEANS CLUSTERING,"Industri batik di Indonesia merupakan industri kecil menengah yang menjadi mata pencaharian sebagaian masyarakat. perkembangan bisnis online di Indonesia berkembang pesat, salah satu Industri Batik yang berada di Indonesia ini adalah industri batik di Bangkalan. Industri Batik di Bangkalan ini sudah cukup banyak yang menggunakan penjualan sistem online, tetapi dalam sistem online yang produsen jalankan masih belum bisa mengolah data lain yang dapat mendukung penjualan para produsen. Saat ini para produsen dapat menggunakan sistem penjualan online tersebut hanya untuk berkomunikasi kepada para konsumen saja. Hal ini mengakibatkan kurang efektifnya sistem online yang produsen miliki dan membuat konsumen menghabiskan banyak waktu untuk memilih produk yang di butuhkan dan cocok.
Salah satu cara mengatasi masalah di atas adalah dengan cara membuat Sistem Bisnis Cerdas (Intelligent E-Businnes) Industri Bangkalan dengan menggunakan Web Mining . Salah satu web mining adalah metode K-Means Clustering. Metode K-Means Clustering ini dapat mengelompokkan produk sesuai dengan kesamaan antar data produk dengan perhitungan jarak perbedaan menggunakan rumus Euclidean serta dapat membantu pembeli untuk membuat keputusan dengan memberikan rekomendasi item-item produk batik terbaik berdasarkan preferensi pembeli.",CAI
"PERANCANGAN SISTEM INFORMASI GEOGRAFIS KESESUAIAN LAHAN SAWAH TAMBAK 
(STUDI KASUS : KECAMATAN DEKET, KABUPATEN LAMONGAN)
","Sawah merupakan lahan usaha pertanian yang secara fisik berpermukaan rata, dibatasi oleh pematang, serta dapat ditanami padi, palawija atau tanaman budidaya lainnya. Tambak merupakan lahan yang dipergunakan sebagai tempat untuk kegiatan budidaya air, baik digunakan untuk tambak budidaya ikan dan udang ataupun digunakan untuk tambak garam. Sedangkan sawah tambak sendiri merupakan lahan pertanian yang juga bisa digunakan untuk keduanya. . Tersedianya data dan informasi  sumberdaya lahan yang lengkap sangat diperlukan untuk menunjang program pembangunan pertanian yang berkelanjutan. Dalam hal ini dibutuhkan suatu sistem untuk menemukan potensi dari lahan untuk  mencari kualitas pengguaan lahan yang cocok untuk penggunaan tertentu. Sistem yang dipakai adalah sistem kesesuaian lahan. Kesesuaian lahana adalah tingkat kecocokan sebidang lahan untuk penggunaan tertentu. Dalam sistem informasi yang terkait dalam kawasan lingkungan pertambakan ataupun persawahan dibutuhkan suatu Sistem Informasi Geografi (SIG). Dimana didalam sistem ini akan meimplementasikan kesesuaian lahan yang divisualisasikan berupa peta lahan pertanian sawah tambak serta peta pencarian lahan. Dengan adanya sistem ini dapat mempermudah bagi masyarakat umum dan dinas terkait untuk melihat potensi lahan yang akan dikelola berdasarkan atribut – atribut didalamnya.  

Kata kunci : sawah tambak,  sistem informasi geografi, kesesuaian lahan,",RPL
RANCANG BANGUN SISTEM INFORMASI MANAJEMEN ARSIP (Studi Kasus : SMK NEGERI 2 SURABAYA),"Pengelolaan surat dalam suatu organisasi memegang peranan penting dalam proses administrasi. Dalam hal ini sistem tata persuratan menjadi salah satu faktor yang berpengaruh dalam pengelolaan surat pada SMK Negeri 2 Surabaya. Dengan adanya sistem ini dapat mengurangi penggunaan waktu yang cukup lama dalam pengarsipan surat dan disposisi, mengurangi penggunaan kertas, memperkecil kemungkinan terjadinya kesalahan dalam pencatatan, mempercepat proses pencarian surat, memudahkan pengontrolan surat disposisi serta mudah dalam penggunaan.Tujuan penelitian ini untuk membantu dan mempermudah user dalam mengelola surat, membuat disposisi ,membuat surat tugas dan memperoleh informasi melalui SMS gateway. Berdasarkan hasil respons tata usaha, waka, guru dan kepala sekolah terhadap aplikasi Sistem Informasi Manajemen Arsip menunjukan respons yang positif dengan persentase total respons tata usaha sebesar 94,1% (sangat baik), persentase total respons waka sebesar 96,4% (sangat baik), persentase total respons guru sebesar 91,7% (sangat baik) dan persentase total respons kepala sekolah sebesar 83,3% (sangat baik).
",RPL
Sistem Informasi Evaluasi Mutu Akademik Dan Proses Pembelajaran Studi Kasus: Program Studi Teknik Informatika Universitas Trunojoyo Madura Menggunakan Metode Enhanced Cumulative Voting,"Untuk meningkatkan kualitas pembelajaran pada Universitas Trunojoyo Madura jurusan teknik informatika diperlukan adanya evaluasi pembelajaran. Salah satu cara adalah membuat survei. Peserta survei adalah mahasiswa dan hasilnya menjadi masukan tim penjamin mutu. Kondisi pengisian survei dan rekapitulasi hasil saat ini dilakukan dengan cara penulisan pada kertas sehingga akan dibuatkan sebuah sistem secara elektronik mulai dari pengisian hingga rekapitulasi. Metode yang digunakan saat ini adalah cumulative voting. Metode tersebut  mudah dan cepat di implementasikan. Namun hasilnya kurang dapat diandalkan. Dikarenakan metode Cumulative Voting tidak melihat latar belakang obyek yang berkontribusi dalam mutu akademik dalam hal ini adalah mahasiswa. Maka dari itu dalam pembahasan ini akan menggunakan metode Enhanced Cumulative Voting selanjutnya disingkat (ECV). Dimana metode ini meningkatkan kualitas hasil dari Cumulative Voting dengan cara mengelompokan obyek mahasiswa ke dalam beberapa kriteria, yakni tahun angkatan, jumlah kehadiran, status mata kuliah yang diambil dan lama waktu pengisian form. Setelah mahasiswa di kelompokan, maka akan dilakukan pembobotan menggunakan metode Analytical Hierarchy Process skala 1-9. Dengan menggunakan metode ECV maka hasil dari evaluasi diharapkan akan mendekati kenyataan dikarenakan melihat dari pengelompokan berdasar kriteria.

Kata Kunci: AHP, Cumulative Voting, weights, method of ranking.",RPL
RANCANG BANGUN E-LEARNING PENGENALAN KOMPONEN ELEKTRONIKA DASAR,"Sekolah Menengah Kejuruan Teknik Elektronika adalah sekolah yang khusus mempelajari segala macam tentang ilmu elektronika yang terdiri dari komponen dasar, rangkaian sederhana, hingga rangkaian elektronika seperti televisi, radio, DVD, dan lain lain. Bagi siswa tahun petama, para siswa dikenalkan dengan macam macam komponen komponen dasar seperti Resistor, Dioda, Kapasitor, Transistor. Pengenalan komponen selalu diajarkan oleh guru dengan buku. Cara mengajar seperti itu membuat para siswa bosan, dan kurang paham dengan penyampaian guru di kelas. Berdasarkan hal tersebut, penulis bermaksud membuat suatu program pembelajaran interaktif yaitu Rancang Bangun E-learning Pengenalan Komponen Elektronika Dasar menggunakan moodle. Moodle adalah salah satu software opensource dan dapat digunakan secara bebas dan gratis untuk menunjang sistem pembelajaran e-learning. E-learning ini berisi tentang pengenalan macam komponen elektronika, pengenalan komponen dimulai dari bentuk fisik komponen, lambang komponen, cara membaca komponen, dan fungsi dari komponen tersebut. Dan juga terdapat latihan soal yang bertujuan untuk melihat sejauh mana pemahaman siswa terhadap materi yang disampaikan. Berdasarkan hasil pengujian persentase guru 70% dan siswa 91% program ini mencapai hasil yang diinginkan yaitu untuk meningkatkan kemampuan siswa dan memberikan pengetehuan baru pada pelajar maupun pada non-pelajar dalam penerapan pengenalan komponen dasar elektronika.",RPL
Sistem Pendukung Keputusan Penilaian Kinerja SPG Menggunakan Metode TOPSIS,"Seiring perkembangan teknologi yang semakin pesat,kebutuhan akan komputerisasi disegala bidang pun terus meningkat.Tak terkecuali dalam hal pengambilan keputusan.Salah satu contohnya di perusahaan PT.Haka TriPutra Jaya Perkasa merupakan sebuah perusahaan yang bergerak dibidang penjualan minuman yang berada dikota Surabaya.Penilaian kinerja SPG menjadi hal yang sangat penting bagi manajemen untuk melakukan evaluasi terhadap kinerja perusahaan dan perencanaan tujuan dimasa mendatang.Sesuai dengan peraturan yang sudah ditentukan oleh pihak perusahaan untuk memperoleh SPG yang kinerjanya baik maka di butuhkan sebuah system pendukung keputusan dengan menggunakan Metode Technique for Order Performance by Similarity to Ideal Solution (TOPSIS). Metode ini dipilih karena metode TOPSIS merupakan suatu bentuk model pendukung keputusan yang digunakan untuk pengambilan keputusan dengan criteria beragam dan dapat digunakan untuk memecahkan masalah pengambilan keputusan.  
 	Pada Tugas Ahkir ini,system pendukung keputusan menggunakan metode TOPSIS mampu menganalisa criteria yang nantinya dapat menentukan  SPG mana yang layak dipromosikan pengangkatan jabatannya.Pada hasil penelitian ini Sistem memiliki tingkat akurat 85%.

Kata Kunci: Sistem Pendukung Keputusan,Penilaian Kinerja SPG, TOPSIS
",CAI
"RANCANG BANGUN SISTEM INFORMASI AKADEMIK SEKOLAH BERBASIS WEB 
(Studi Kasus : SMP PAWIYATAN SURABAYA)","Sistem informasi akademik sekolah adalah suatu sistem yang dirancang untuk kebutuhan pengelolaan data akademik dengan penerapan teknologi komputer yang bertujuan untuk memberikan informasi kepada pihak yang berkaitan dengan akademik sekolah. SMP Pawiyatan merupakan salah satu sekolah swasta di Surabaya yang belum memiliki aplikasi terkomputerisasi yang sudah terancang untuk pengelolaan data akademik. Saat ini pengelolaan data akademik di SMP Pawiyatan masih menggunakan excel dan juga terdapat data akademik yang masih dicatat. Dengan pengelolaan dengan sistem manual SMP Pawiyatan Surabaya mengalami beberapa pengerjaan yang kurang efektif dan efisien seperti pencarian data guru dan siswa, nilai akademik siswa dan yang lainnya pihak sekolah harus mencari satu persatu dari arsip yang tersimpan dalam jumlah yang banyak.
Dalam penelitian ini, peneliti akan merancang dan membuat sebuah sistem informasi akademik sekolah berbasis web. Studi kasus dari sistem tersebut dilaksanakan pada SMP Pawiyatan Surabaya dengan beberapa permasalahan yang ada.
Metode penelitian yang digunakan dalam mebuat perancangan sistem informasi akademik berbasis web ini adalah metode waterfall yang meliputi analysis, design, coding dan testing.
Dengan adanya penelitian ini diharapkan dapat membantu pihak sekolah dalam melakukan pengelolaan data-data akademik secara efektif dan efisien, juga dapat memberikan informasi kepada siswa, guru dan wali kelas yang berkaitan dengan informasi akademik tanpa harus datang langsung ke yang bersangkutan.",RPL
"RANCANG BANGUN SISTEM INFORMASI PENJAMINAN MUTU AKADEMIK TINGKAT FAKULTAS BERBASIS WEB
(STUDI KASUS: FAKULTAS TEKNIK UNIVERSITAS TRUNOJOYO MADURA)","Penjaminan mutu perguruan tinggi adalah proses perencanaan, pemenuhan, pengendalian, dan pengembangan standar pendidikan tinggi secara konsisten dan berkelanjutan, sehingga pemangku kepentingan internal dan eksternal perguruan tinggi, yaitu mahasiswa, dosen, karyawan, masyarakat, dunia usaha, asosiasi profesi, pemerintah memperoleh kepuasan atas kinerja dan keluaran perguruan tinggi. Pada tugas akhir  ini bertujuan untuk mengetahui tingkat kepuasan mahasiswa berdasarkan kuesioner yang telah ditentukan oleh Tim Penjaminan Mutu Fakultas Teknik Universitas Trunojoyo
Dalam mengetahui tingkat kepuasan mahasiswa ini, menggunakan skala deskriptif  yakni skala Likert. Sistem ini memiliki kemampuan untuk mengambil data input kuesioner Pegajaran Dosen, Praktikum, Administratif,Fasilitas, Kuliah Tamu dan Workshop. Pengguna dalam sistem ini adalah mahasiswa dan dosen, dimana mahasiswa disini dapat mengisi kuesioner dan dosen dapat melihat nilai yang telah dhasilkan dari kuesioner yang telah diisi mahasiswa sebelumnya. 
Dari Dalam penelitian ini yang menjadi objek penelitian adalah Fakultas Teknik Universitas Trunojoyo Madura. Dari hasil uji fungsionalitas yang telah dilakukan didapatkan hasil penilaian bahwa pengujian masuk dalam kriteria Baik. Karena semua  pengujian dalam kuesioner ini yang dilakukan dengan menggunakan sampel 34 responeden dari 4 jurusan dalam fakultas teknik  memiliki nilai diatas 70%.
",RPL
"SISTEM PENDATAAN ALUMNI BERBASIS FRAMEWORK CODEIGNITER
(STUDI KASUS : FAKULTAS TEKNIK UNIVERSITAS TRUNOJOYO MADURA)","Universitas Trunojoyo Madura merupakan salah satu kampus besar yang berada dipulau Madura, memiliki
beberapa fakultas dan salah satunya Fakultas Teknik. Fakultas teknik memiliki 6 (enam) jurusan yaitu,
Teknik Informatika, Teknik Industri, Manaajemen Informatika, Mekatronika, Multi Media dan Jaringan dan
Teknik Elektro. Dengan banyaknya jurusan yang ada di Teknik akan menimbulkan kesulitan dalam
melakukan pendataan terhadap mahasiswanya yang telah lulus atau alumni mahasiswa teknik karena
disebabkan tidak terdapat sebuah sistem yang mendata alumni fakultas teknik. Untuk itu diperlukan sebuah
sistem yang bisa melakukan pendataan terhadap alumni mahasiswa fakultas teknik yang telah lulus agar tetap
terjalin tali silaturrahmi baik antara pihak fakultas teknik dengan mahasiswa yang telah lulus, maupun
sesama mahasiswa. Oleh karena itu, berangkat dari sebuah permasalahan diatas maka peneliti mencoba
merancang dan membuat sebuah sistem pendataan alumni berbasis framework codeigniter. system pendataan
alumni teknik ini mempunyai beberapa peranan diantaranya mempererat tali silaturrahmi keluarga besar
fakultas teknik Universitas Trunojoyo Madura, berbagi informasi lapangan pekerjaan, informasi yang
berkaitan dengan pendidikan misalnya ingin melanjutkan ke tingkat magister. Setelah sistem dirancang dan
di implementasikan maka diperoleh kesimpulan hasil respon aplikasi sistem informasi pendataan alumni
berbasis web berupa kuisioner kepada Admin dan alumni mendapatkan respon positif dengan presentasi total
respons admin adalah sebesar 83,33% dan alumni adalah sebesar 100%.",RPL
"SISTEM PENDUKUNG KEPUTUSAN UNTUK MENILAI KELAYAKAN PENGAJUAN KREDIT DENGAN 
METODE NAIVE BAYES","Semakin banyaknya calon nasabah yang mengajukan kredit dengan kondisi ekonomi yang berbeda-beda, menuntut kejelian pihak bank sebagai pemberi kredit dalam pengambilan keputusan pemberian kredit. Oleh karena itu, dalam penentuan kelayakan kredit kepada nasabah, setiap Bank, dalam hal ini Bank Tabungan Negara (BTN) cabangBangkalanperlu memperhatikan beberapa prinsip faktor-faktor yang ada. Adapun faktor-faktor yang menjadi dasar pengambilan keputusan oleh pihak bank dalam menentukan calon penerima kredit dari pekerjaan, penghasilan per bulan, jumlah tanggungan, status ttempat tinggal. 
Dengan permasalahan tersebut maka, perlu adanya solusi pemecahan masalah yang ada dengan membuat suatu sistem pendukung keputusan yang bertujuan membantu proses pengambilan keputusan untuk meningkatkan kemampuan dalam memutuskan masalah tersebut. Metode yang digunakan dalam sistem pendukung keputusan ini adalah naïve bayes.
Naïve bayes memegangasumsiakan hubungan antarfitur atau atributnya yang independen sehingga menjadikannya sederhana dan efisien. Penerapan Naive bayes ini diharapkan dapat menilai akurasi dalam menentukan nilai kelayakan kredit. Penerapan metode naive bayes kedalam sistem pendukung keputusan pengajuan kredit baru di Bank BTN memperoleh akurasi 90% dan error sekitar 10%.Dengan sistem ini metodenaive bayes mampu menentukan memberikan keputusan kepada pemohon dengan akurasi 90%",CAI
"SISTEM MANEJEMEN KEANGGOTAAN ORGANISASI BERBASIS Framework
STUDI KASUS : UKM (Unit Kreatif Mahasiswa ) Creative Computer Club
","Organisasi merupakan sekumpulan orang yang terdiri dari 2 orang atau lebih yang terkumpul dalam sebuah wadah yang mempunyai visi dan misi yang sama. Tercapainya visi dan misi sebuah organisasi tergantung pada dari pada anggota – anggotanya. Salah satu organisasi kemahasiswaan adalah UKM (Unit Kegiatan Mahasiswa) yang berada setiap perguruan tinggi baik negeri maupun swasta. Permasalahan dalam system keanggotaan kerap menjadi salah satuf actor kerancuan informasi dalam sebuah organisasi. Salah satu contoh bagaimana cara proses manajemen keanggotaan dari sebuah organisasi UKM yang anggotanya berasal dari jurusan yang berbeda dan semester yang berbeda. Oleh karena itu untuk mengatasi masalah diatas, suatu organisasi harus cermat bagaimana cara memanajemen keanggotaan dari UKM agar proses manajemen tersebut bias berjalan efektif dan efisisen. Dalam penelitian ini penelitiakan merancang sebuah sistem yang mengatur manajemen keangotaan organisasi khususnya UKM (Unit Kegiatan Mahasiswa) Creative Computer Club .hasil respon aplikasi sistem informasi pendataan anggota berbasis web berupa kuisioner kepada Admin dan anggota mendapatkan respon positif dengan presentasi total respons admin adalah sebesar 83,33%  dan anggota adalah sebesar 100%.",RPL
KLASIFIKASI FASE DIABETIC RETINOPATHY PADA FUNDUS MATA MENGGUNAKAN GRAY LEVEL RUN LENGTH MATRIX (GLRLM),"Diabetes melitus merupakan suatu kondisi dimana tingginya kadar gula dalam darah yang melebihi kisaran normal. Salah satu penyakit hasil dari komplikasi diabetes melitus yaitu diabetic retinopathy. Penyakit ini dapat menyebabkan kerusakan pada retina mata dan beresiko buta secara permanen pada penderitanya. Mendeteksi penyakit ini bisa dilakukan dengan cara melihat informasi pada citra fundus mata. Maka dari itu diperlukan adanya penelitian klasifikasi fase diabetic retinopathy melalui citra fundus mata. Tugas Akhir ini menggunakan metode gray level run length matrix (GLRLM) sebagai metode ekstraksi fiturnya. Terdapat tiga langkah utama dalam proses klasifikasi dalam penelitian ini. Langkah pertama dengan mengubah citra asli menjadi grayscale, kemudian dilakukan masking overlay yaitu mengeliminasi blood vessel pada citra grayscale dengan hasil proses segmentasi. Langkah kedua adalah ekstraksi fitur dengan menggunakan metode GLRLM. Proses terakhir yaitu klasifikasi fase dengan menggunakan metode manhattan. Pengujian akan dilakukan terhadap database MESSIDOR (Methode to evaluate segmentation and indexing techniques in the field of retinal ophtamology) yang telah terklasifikasi. Berdasarkan hasil penelitian dan pengujian terhadap sistem, maka didapatkan tingkat akurasi tertinggi sebesar 66,67%.

Kata kunci: Diabetic Retinopathy, gray level run length matrix, blood vessel, masking overlay, manhattan, MESSIDOR.",CAI
SISTEM PENDUKUNG KEPUTUSAN REKOMENDASI PEMILIHAN MUSAHIL ASRAMA DENGAN METODE ENTROPY DAN TOPSIS (STUDI KASUS : ASRAMA UNIVERSITAS TRUNOJOYO MADURA) ,"Asrama Universitas Trunojoyo Madura (UTM) merupakan salah satu tempat tinggal mahasiswa dengan fasilitas yang lengkap, biaya murah, dan keamanan yang terjamin oleh kampus. Adanya peningkatan pendaftar penghuni asrama setiap tahun, perlu adanya musahil untuk setiap kamar asrama agar menjadi pendamping bagi penghuni asrama dalam jadwal kegiatan sehari-hari dan memantau untuk selalu tertib dan mentaati peraturan serta menjaga etika selama menjadi penghuni asrama. Proses seleksi musahil saat ini masih dilakukan dengan menggunakan software microsoft excel. Untuk mengatasi sistem lama tersebut bisa dibuat sistem rekomendasi pemilihan musahil sesuai dengan kriteria diantaranya keaktifan, mengaji, wawancara, ipk, semester untuk non-fakultas ilmu keislaman (FIK), dan bahasa arab  untuk kriteria tambahan pada fakultas ilmu keislaman (FIK). Metodologi yang digunakan dalam proses sistem pendukung keputusan rekomendasi pemilihan yaitu menggunakan metode Entropy dan Topsis. Hasil dari penerapan metode ini adalah Fakultas Ilmu Keislaman sebanyak 25 puteri sebesar 75% dan 9 putera sebesar 80%. Sedangkan dari Non-Fakultas Ilmu Kesilaman sebanyak 31 putera sebesar 80% dan 54 puteri sebesar 83%.   

Kata Kunci : Musahil, Sistem Pendukung Keputusan, Entropy, Topsis   ",CAI
Integrasi Kinect Dan Unity3D Menggunakan  Kinect SDK Untuk Pembuatan 3D Runner Game,"Game merupakan hiburan multimedia yang dapat dimainkan dengan aturan tertentu dan sering digunakan sebagai sarana refreshing. Dengan menggunakan input sensor gerak, game juga dapat digunakan sebagai sarana olahraga tubuh. Hal ini merupakan nilai lebih dibanding game yang sejenis pada umumnya yang hanya menggunakan input seperti keyboard, mouse, dan touch screen.  Sensor gerak yang populer saat ini adalah Kinect dan salah satu game yang populer saat ini adalah 3D Runner Game. Penelitian ini membuat sebuah 3D Runner Game yang berbasis sensor gerak. Game dibuat dengan menggabungkan Unity3D dan Kinect menggunakan KinectWrapper. Sensor Kinect yang digunakan adalah sensor kinect xbox 360. Model 3D didapat dari penyedia model 3D gratis dan asset store dari game engine Unity. Pengujian dilakukan pada responden usia 6 – 12 tahun dengan hanya menggunakan kaos dan celana, 87,5% user berkeringat dan 12,5% tidak, serta berdasarkan dari konten game yang disuguhkan, menunjukkan bahwa game dapat digunakan untuk olahraga tubuh. Pada saat uji coba, 50% user mencoba 3 kali, 37,5% mencoba 4 kali, 12,5% mencoba 2 kali, namu tidak ada user yang hanya mencoba 1 kali, hal ini menujukkan bahwa game dapat membuat user tertantang untuk mencoba kembali.",RPL
APLIKASI PENENTUAN JENJANG KOMPETENSI BERBASIS E-LEARNING MENGGUNAKAN METODE SIMPLE ADDITIVEWEIGHTING (SAW),"Balai Latihan Kerja (BLK) merupakan salah satu instrument pengembangan sumber daya manusia yang diharapkan dapat mentransfer pengetahuan, ketrampilan, dan etos kerja produktif.BLK menjadi salah satu solusi untuk meningkatkan kualitas tenaga kerja, khususnya bagi masyarakat yang hanya memiliki tingkat pendidikan setara dengan SLTP dan SMAyang biasanya memiliki keterampilan rendah dan tidak mampu melanjutkan ke jenjang pendidikan yang lebih tinggi.
Sulitnya menentukan kemampuan yang dimiliki oleh tiap individu menyebabkan peserta pelatihan kerja tidak dapat mengoptimalkan keahliannya. Maka dari itu dibutuhkan suatu sistem untuk membantu mereka dalam menentukan keahlian apa yang sebaiknya mereka tekuni agar tujuan untuk mendapat pekerjaan maupun membuka lapangan kerja baru dapat dicapai. Penggunaan metode Simple Additive Weighting (SAW) merupakan salah satu solusi dalam penentuan jenjang kompetensi peserta pelatihan kerja ini. Dan dengan diterapkannya dalam E-Learning diharapkan peserta pelatihan dapat lebih mudah dalam melakukan transaksi materi dan pelaksanaan ujian. Hasil pengujian sistem menunjukkan bahwa dari pembuatan aplikasi ini dengan menggunakan metode SAW mempunyai tingkat akurasi 93% dari data pembanding manual.

Kata Kunci :Aplikasi, E-learning, SAW, Pelatihan Kerja, BLK",RPL
PENERAPAN METODE SIMPLE ADDITIVE WEIGHTING (SAW) DALAM PEMBUATAN PERANGKAT LUNAK SISTEM PENDUKUNG KEPUTUSAN UNTUK MENENTUKAN PROGRAM STUDI BAGI SISWA MADRASAH ALIYAH NEGERI (MAN) BANGKALAN,"Penentuan program studi atau jurusan merupakan masalah yang sangat penting bagi siswa menengah atas karena dapat berpengaruh pada kelancaran proses belajar dan pemilihan perguruan tinggi. Di Madrasah Aliyah Negeri (MAN) Bangkalan terdapat 4 program studi yaitu: Program Studi MIPA, IPS, Bahasa, dan Agama. Saat ini, proses penentuan program studi tersebut masih dilakukan secara manual oleh guru Bimbingan Konseling berdasarkan nilai rapor dan minat siswa saja. Hal ini menyebabkan hasil yang kurang akurat karena penilaian yang bersifat subjektif. Penilaian yang berdasarkan informasi formal berdasarkan kriteria perlu dilakukan untuk mendapatkan hasil yang akurat dan objektif. Penentuan program studi dinilai berdasarkan 4 kriteria, yaitu: nilai akademik atau rapor siswa (nilai rata-rata mata pelajaran kelas X semester 1 dan 2 yang terkait dengan masing-masing program studi), hasil angket penjurusan, tes pengetahuan (yang dilakukan secara online), dan hasil psikotes. Keempat kriteria tersebut diproses menggunakan metode Simple Additive Weighting (SAW). Hasil yang diperoleh dari uji coba sistem dengan menggunakan 102 data adalah 78 data sesuai dengan data jurusan siswa saat ini dan 24 data yang berbeda, dengan demikian persentase data yang sesuai mencapai 76,5%.

Kata Kunci : Sistem Pendukung Keputusan, Program Studi, Simple Additive Weighting (SAW).",RPL
PERANCANGAN DAN IMPLEMENTASI APLIKASI ANDROID ALAT BANTU PEMBELAJARAN INTERAKTIF HURUF HIJAIYAH DENGAN METODE WAFA,"Belajar mengenal huruf hijaiyah merupakan hal yang paling pokok dalam membaca al-Quran, sehingga harus diajarkan sejak dini. Namun, saat ini minat anak-anak dalam belajar rendah. Salah satu faktor penyebabnya adalah metode pembelajaran huruf hijaiyah kurang variatif dan menyenangkan. Wafa adalah metode belajar al-Quran dengan pendekatan otak kanan (asosiatif dan imajinatif). Sedangkan perkembangan teknologi informasi saat ini memungkinkan untuk pengembangan media pembelajaran interaktif pengenalan huruf hijaiyah. Sehingga untuk menambah minat anak dalam belajar hijaiyah, dikembangkan aplikasi android pembelajaran interaktif huruf hijaiyah metode Wafa.
Berdasarkan uji coba terhadap pengguna, baik trainer Wafa maupun guru dan murid SDIT Ulil Albab Kamal mengatakan bahwa 100% aplikasi belajar hijaiyah Wafa Buku Satu dapat membantu proses belajar mengajar dan 80% aplikasi telah sesuai dengan konsep Wafa.
Kata Kunci: Aplikasi Pembelajaran, metode Wafa, Pembelajaran interaktif, Android",RPL
Perancangan Sistem Informasi Pengelolaan Anggaran Berbasis Web,"Proses pengelolaan anggaran di Dinas Komunikasi dan Informatika Kabupaten Sumenep meliputi proses DPA yang sudah disahkan, pembuatan NPD, pembuatan SPP, dan rekap laporan. Pengelolaan anggaran sangat diperlukan dalam mengelolah keuangan dari tiap kegiatan yang direncanakan. Rencana pengelolaan anggaran disusun berdasarkan kegiatan tahunan dengan rencana kegiatan jangka panjang. Masalah yang terjadi pada perhitungan data-data pengeluaran anggaran, dikarenakan tidak ada laporan yang otomatis dicetak, masih dihitung secara manual yang membutuhkan berkas-berkas data pengeluaran sebelumnya. Sistemnya masih manual sehingga hasil kinerjanya cukup lambat dan membutuhkan waktu yang cukup lama terutama dalam laporan pengelolaan anggaran. Dengan menggunakan sistem informasi pengelolaan anggaran berbasis web mampu dan membantu segala kegiatan pembuatan laporan lebih mudah, cepat, efisien, dan tepat waktu dalam melaksanakannya. Untuk membantu pembuatan aplikasi ini dengan menggunakan Framework CodeIgniter versi 3.0.4. Framework CodeIgniter dapat diperoleh secara gratis dengan sistem model MVC (Model, View, Controller) yang dikembangkan aplikasi web berbasis PHP. Hasil dari penelitian perancangan sistem informasi pengelolaan anggaran  ini mampu membantu dan mempermudah pekerjaan para pegawai dalam pembuatan laporan pengelolaan anggaran, sehingga dapat memperoleh informasi yang lebih mudah, akurat, dan cepat.

Kata Kunci : Sistem Informasi, Laporan Pengelolaan Anggaran, Framework CodeIgniter.",RPL
"SISTEM PENDUKUNG KEPUTUSAN PENENTUAN SISWA KELAS UNGGULAN MENGGUNAKAN 
METODE SAW DAN TOPSIS ","Sistem Pendukung Keputusan dalam dunia pendidikan dapat membantu  pihak sekolah  dalam 
menentukan kelas unggulan. Di sekolah menengah saat ini sebagian besar masih menggunakan cara manual 
untuk menentukan siswa kelas unggulan,yakni dengan memilih siswa unggulan hanya dengan 
pertimbangan nilai akhir semester saja, dan pada penelitian ini menggunakan beberapa kriteria sebagai 
bahan pertimbangan untuk masuk kelas unggulan. Penelitian ini akan menggunakan dua metode dalam 
SPK yaitu, metode SAW dan Metode TOPSIS. Dalam studi kasus penentuan siswa kelas unggulan pada 
SMP Negeri 1 Malo, Kedua metode ini digunakan karena konsepnya sederhana, mudah dipahami, 
komputasinya efisien. Hasil akhir yang diperoleh dari penelitian ini adalah menentukan alternat if terbaik 
dari sejumlah alternatif, yakni calon siswa yang layak masuk kelas unggulan berdasarkan kriteria -kriteria 
yang telah ditentukan.  
Dari penelitian yang telah dilakukan dengan metode  Simple Additive Weight dan TOPSIS, diketahui 
nilai akurasi data sebesar 61%.  
Kata Kunci: Sistem Pendukung Keputusan, Kelas Unggulan, SAW, TOPSIS ",CAI
RANCANG BANGUN APLIKASI PEMESANAN MAKANAN DENGAN FITUR CHAT MENGGUNAKAN PLATFORM ANDROID DAN WEB SERVICE,"Kemajuan teknologi tidak sebanding dengan kebutuhan pelayanan masyarakat yang semakin meningkat, misalnya pelayanan pemesanan makanan.  Hal ini dikarenakan masyarakat belum mampu mengoptimalkan teknologi yang ada. Selama ini pemesanan makanan dan minuman masih menggunakan cara manual yaitu dengan antri menggunakan nomor atau menggunakan kertas untuk memesan.  Kurangnya pelayanan yang baik di suatu restoran membuat pelanggan merasa bosan, apalagi pelanggan harus menulis pesanan makanan dan minuman sendiri dikertas. Permasalahan tersebut dapat diatasi dengan menerapkan aplikasi pemesanan menggunakan fitur chat disebuah restoran,  sehingga pelanggan akan dimudahkan dalam memesan makanan dan minuman. Chat merupakan alat komunikasi dengan media elektronik yang menggunakan internet dimana pesan  dikirim dengan sangat cepat. 
Dari data hasil uji coba, penelitian aplikasi ini menggunakan platform android. Pengujian menggunakan kuisioner menunjukkan user pelanggan dan pelayan merasa puas karena hasil presentase menunjukkan di atas 70% dengan alasan karena sistem dapat membantu pelayanan pemesanan, dapat membantu dalam memonitoring pelanggan, membantu dalam melakukan perekapan penghasilan, dan meminimalisir penggunaan kertas serta membantu komunikasi antar pelayan dengan pelanggan dalam pemesanan makanan dengan menggunakan fitur chat.

Kata kunci : aplikasi chat, pelayanan, restoran, android.
",RPL
SISTEM INFORMASI REKOMENDASI CUSTOMER BATIK MENGGUNAKAN ASSOSIATION RULE MINING,"Ukm Batik Tresna Art Bangkalan memiliki Sistem Informasi data penjualan yang dapat mempermudah dalam rekapitulasi data keuangan. Namun data transaksi yang tercatat pada database system masih belum mampu diolah kembali secara maksimal. Hal ini dikarenakan belum adanya modul pengolahan kembali data transaksi sehingga hanya akan tertimbun dalam database system dan tidak menghasilkan kembali informasi danpengetahuan yang bermanfaat untuk meningkatkan penjualan.  Salah satu cara untuk memanfatkan data transaksi agar dapat meningkatkan penjualan dengan cara merekomendasikan suatu produkdengan teknik association rule mining dan menggunakan metode apriori.  Penentuan pola dan aturan pada assosiation rule dilakukan dengan menentukan nilai support dan confidence yang dihasilkan dari proses data transaksi, sehingga diketahui kaitan assosiation antar produk yang dibeli dan mempermudah konsumen untuk memilih produk batik yang akan dibeli.",RPL
APLIKASI SISTEM INFORMASI EVALUASI MUTU AKADEMIK DAN PROSES PEMBELAJARAN BERBASIS ANDROID (STUDI KASUS: PROGRAM STUDI TEKNIK INFORMATIKA UNIVERSITAS TRUNOJOYO MADURA),"ABSTRAK

Setiap semester program studi Teknik Informatika Universitas Trunojoyo melakukan evaluasi mutu akademik. Evaluasi tersebut dilakukan secara manual dengan mengisi formulir evaluasi berupa lembaran kertas. Proses evaluasi ini melibatkan seluruh mahasiswa Teknik Informatika. Namun, proses evaluasi tersebut dinilai kurang efektif. Dikarenakan data-data yang diperoleh kurang akurat disebabkan oleh beberapa kendala seperti, mahasiswa lupa untuk melakukan pengisian form kuesioner, mahasiswa kehilangan form, mahasiswa membuang form, mahasiswa tidak/lupa mengumpulkan form, mahasiswa menyuruh teman lain mengisikan dan lain-lain.
Salah satu cara untuk meminimalisir kendala-kendala yang mengganggu proses evaluasi tersebut adalah dengan membangun aplikasi sistem informasi evaluasi mutu akademik berbasis mobile. Saat ini teknologi mobile sudah berkembang pesat, salah satunya adalah smartphone dengan sistem operasi Android. Smartphone bersistem operasi Android merupakan jenis smartphone yang paling banyak digunakan disemua kalangan termasuk pelajar. Dibangun dengan menggunakan IDE Android Studio.
Berdasarkan hasil pengujian, penelitian ini dapat menghasilkan aplikasi mobile berbasis android dengan fitur kuesioner evaluasi dan menampilkan nilai hasil kuesioner dengan persentasi kestabilan 90% pada sinyal bagus dan rata-rata 52% pada sinyal buruk. 

Kata Kunci: Aplikasi, Akademik, Mobile, Smartphone, Android, Kuesioner.
",RPL
RANCANG BANGUN APLIKASI PENGOLAHAN NILAI RAPOR BERBASIS WEB PADA SEKOLAH MENENGAH KEJURUAN,"Aplikasi Pengolahan Nilai Rapor merupakan sauatu aplikasi yang memberikan informasi laporan keaktifan siswa yang berupa laporan nilai serta informasi siswa yang bersangkutan dengan berbasiskan komputerisasi, sehingga dapat membantu kecepatan dan kualitas dalam pengolahan nilai. Permasalahan yang terjadi dalam pengolahan nilai rapor di SMK Agung Mulia saat ini masih menggunakan Microsoft Excel, dimana penyimpanan datanya masih tersebar di setiap wali kelas dan guru mata pelajaran yang bersangkutan. Selain itu, untuk memperoleh nilai akhir siswa harus menunggu data nilai yang ada pada guru yang bersangkutan, kemudian di rekap ulang oleh wali kelas. Selain itu tingkat masalah yang ditimbulkan sistem ini sangat banyak. Di antaranya adalah data-data nilai siswa tidak terdokumentasi dengan baik, data nilai yang tersimpan dalam file Excel mudah di serang virus, dan factor lainnya yang menyebabkan file hilang dan rusak. Untuk mengatasi masalah tersebut, dibutuhkan pengembangan aplikasi untuk membantu hal tersebut. Salah satu pengembangannya adalah dengan menggunakan Aplikasi Pengolahan Nilai Rapor Berbasis Web. Dari penelitian ini dapat di hasilkan proses kecepatan pengolahan data nilai sebesar 95.00%, Dengan menerapkan sebuah Aplikasi ini diharap mampu memproses data nilai yang begitu banyak dengan sangat cepat, serta keamanan data nilai siswa terjaga.",RPL
RANCANG BANGUN APLIKASI PEMBELAJARAN BAHASA MADURA,"Teknologi informasi yang berkembang dengan cepat, menjadikan kebutuhan akan suatu konsep dan mekanisme belajar mengajar (pendidikan) berbasis TI menjadi sangat dibutuhkan. Hal ini menjadikan pembelajaran e-learning  menjadi salah satu alternatif untuk media pembelajaran. Begitu juga dengan pelajaran bahasa Madura perlu pembelajaran berbasis teknologi . Maka dari itu, peneliti merancang dan membangun aplikasi pembelajaran bahasa Madura untuk meningkatkan minat siswa belajar Bahasa Madura. Aplikasi ini dibangun menggunakan bahasa pemrograman web PHP,database MySQL, dan animasi berbasis flash. Data diperoleh melalui kuisioner. Data dianalisis secara deskriptif menggunakan tabel dan prosentase. Hasil penelitian menunjukkan bahwa Aplikasi ini dapat membanttu siswa dalam belajar Bahasa Madura sebesar 90%. Dan 70% siswa menyatakan aplikasi ini mudah untuk digunakan. Dan  80% tampilan aplikasi ini menarik. Kesesuaian materi diaplikasi ini sebesar 45% , hal ini berarti materi aplikasi ini perlu diseusaikan. Dan 70% aplikasi ini dapat meningkatkan minat siswa dalam belajar Bahasa Madura.

Kata Kunci : Media Pembelajaran, Pembelajaran Bahasa Madura, E-Learning
",RPL
PENGENALAN TANDA TANGAN DENGAN METODE MODIFIED DIRECTION FEATURE (MDF) DAN EUCLIDEAN DISTANCE,"Tanda tangan adalah sebuah bentuk khusus dari tulisan tangan yang mengandung karakter khusus dan bentuk – bentuk tambahan yang sering digunakan sebagai bukti verifikasi identitas seseorang. Seiring dengan perkembangan teknologi, saat ini sistem pengenalan tanda tangan dapat dilakukan oleh sistem komputer.
Penelitian ini membangun sistem pengenalan tanda tangan dengan menggunakan metode Euclidean Distance. Sebelum masuk ke dalam metode Euclidean Distance , citra tanda tangan mengalami proses ekstraksi ciri untuk mendapatkan ciri penting dari citra dengan metode Modified Direction Feature (MDF). metode Modified Direction Feature (MDF) adalah metode untuk memperoleh fitur dari semua arah untuk fitur yang lebih spesifik. Vektor ciri hasil dari MDF kemudian akan menjadi data input untuk proses klasifikasi menggunakan metode  Euclidean Distance.
Hasil Akurasi dalam pengenalan citra tanda tangan ini didapatkan tingkat akurasi tertinggi sebesar 76 % dan terendah 41% dari 4 sekenario.

Kata Kunci : Modified Direction Feature (MDF), Euclidean Distance, Vektor Fitur.
",CAI
KLASIFIKASI PENYAKIT ACUTE LYMPHOBLASTIC LEUKEMIA PADA CITRA MIKROSKOPIS SEL DARAH MENGGUNAKAN MAHALANOBIS DISTANCE,"Acute Lymphoblastic Leukemia (ALL) merupakan penyakit kanker yang ditandai dengan pertumbuhan sel darah putih yang sangat cepat dan mematikan. Apabila tidak segera diobati akan menyebabkan kematian dalam hitungan minggu hingga hari, untuk itu perlu penanganan secara cepat. Diagnosa penyakit ALL kebanyakan dilakukan secara manual, membutuhkan tenaga ahli, peralatan laboratorium yang memadai serta waktu yang cukup lama. Untuk mengatasi permasalahan tersebut pada penelitian ini dilakukan identifikasi Acute Lymphoblastic Leukemia menggunakan teknik pengolahan citra. Adapun tahapan-tahapan yang dilakukan adalah preprocessing, segmentasi, ekstraksi fitur dan klasifikasi citra. Metode yang diterapkan pada setiap tahapan adalah sebagai berikut metode contras stretching untuk perbaiakan citra, metode otsu Thresholding berdasarkan warna HSV untuk segmentasi, sedangkan untuk ekstraksi fitur menggunakan fitur hibrid gabungan antara fitur bentuk dan tekstur Gray Level Co-occurrancy Matrix (GLCM), yang kemudian akan di klasifikasikan menggunakana metode Mahalanobis Distance. Database yang digunkan dalam penelitian ini adalah database ALLIDB2, yang terdiri dari 260 gambar yaitu 130 ALL-Positif dan 130 ALL-Negatif. Pada pengujian ini mendapatkan rata-rata akurasi tertinggi sebesar 85.40% dengan sensitivity 85.8 % dan specificity 85.0%.",CAI
PERANCANGAN DAN PEMBUATAN APLIKASI PENILAIAN KULIAH KERJA NYATA LPPM UTM MENGGUNAKAN METODE RATING SCALE,"KKN (Kuliah Kerja Nyata) merupakan salah satu mata kuliah wajib Universitas di Universitas Trunojoyo Madura. Selama ini proses penilaian KKN masih menggunakan cara manual sehingga memiliki beberapa kelemahan antara lain, objektivitas dan dasar penilaian kurang terjaga serta  proses penilaian butuh waktu yang lama. Karena itu, keberadaan sebuah sistem penilalian KKN yang menerapkan teknologi informasi sangat dibutuhkan. Salah satu  metode yang dapat diterapkan yaitu metode Rating Scale karena mudah dan praktis untuk menilai mahasiswa yang mengikuti kegiatan KKN yang jumlahnya banyak. Metode Rating Scale dikenal dengan Skala Bertingkat, yaitu berupa suatu daftar yang berisi tentang sifat atau ciri-ciri tingkah laku yang ingin dinilai yang sudah sesuai dengan kriteria yang mau dinilai dan dicatat secara bertingkat dimulai dari nilai terendah hingga nilai yang tertinggi. Hasil dari penelitian ini yaitu, penggunaan metode Rating Scale pada sistem penilaian Kuliah Kerja Nyata LPPM UTM dapat saja mempengaruhi perubahan nilai, dan perubahan nilai itu disebabkan oleh konversi dari hasil input penilaian manual ke Rating Scale. Selain itu berdasarkan hasil pengujian aplikasi ini layak digunakan.",RPL
IDENTIFIKASI ACUTE LYMPHOBLASTIC LEUKEMIA MENGGUNAKAN METODE NAÏVE BAYES DAN MAHALANOBIS BERDASARKAN CITRA MORFOLOGI SEL DARAH PUTIH,"Identifikasi sel darah mikroskopik dilakukan secara manual oleh hematologist melalui identifikasi visual di bawah mikroskop telah menjadi landasan di laboratorium hematologi untuk mendiagnosis dan memantau gangguan hematologi. Namun, Prosedur perhitungan sel darah ini memerlukan tenaga dan waktu yang lama, dan tingkat kesalahan antara 30% sampai dengan 40% tergantung pada subyektifitas pengalaman hematologist, ketelitian dan konsentrasi di laboratorium klinik hematologi. Untuk mengatasi masalah tersebut maka Penelitian ini bertujuan untuk mengidentifikasi penyakit Acute Lymphoblastic Leukemia (ALL) menggunakan metode Mahalanobis dan Naïve Bayes berdasarkan citra morfologi sel darah putih. Agoritma yang digunakan meliputi pra-pengolahan, segmentasi citra, perhitungan fitur dan klasifikasi. Algoritma K-means Clustering digunakan untuk memisahkan citra sel darah menjadi nucleus dan background. Fitur yang digunakan adalah fitur bentuk (area, perimeter, diameter, roundness, compactness), fitur tekstur (local binary pattern) dan Hybrid. Kemudian citra sel darah diklasifikasikan menggunakan metode Mahalanobis dan Naïve Bayes. Pengujian pada Mahalanobis penelitian ini menghasilkan akurasi terbaik sebesar 100% dan pada Naïve Bayes menghasilkan akurasi terbaik sebesar 97.8%. ",CAI
Rancang Bangun Aplikasi Android M-Learning Ilmu Tajwid Berbasis LTSA dengan ADDIE,"Kebutuhan proses belajar pada siswa dengan memanfaatkan android sebagai sistem operasi berbasis linux yang dapat digunakan di berbagai perangkat mobile sehingga tercipta media pembelajaran yang disebut dengan mobile learning (M-Learning). Agar dapat menumbuhkan minat belajar siswa maka penelitian ini menggunakan model pendekatan ADDIE sebagai perancang aplikasi. Model pendekatan ini menyajikan tahapan pendekatan yang memudahkan peneliti dalam proses penyelesaian penelitian dan untuk mendukung proses pembelajarannya model pendeketan tersebut akan digabungkan dengan metode pembelajaran Learning Technology System Architecture (LTSA). Dengan aplikasi ini siswa dengan mudah memahami tentang hukum bacaan ilmu tajwid melalui beberapa latihan sehingga memperoleh nilai rata-rata siswa perbab yaitu 77.67% pada saat sebelum menggunakan aplikasi dan 92.75% pada saat setelah menggunakan aplikasi. Sedangkan nilai rata-rata ujian pada setiap siswa yaitu 79.17% pada saat sebelum menggunakan aplikasi dan 93.5% ketika setelah menggunakan aplikasi.

Kata kunci: Teknologi, Mobile Learning, LTSA, ADDIE.",RPL
